{
  "main": {
    "metrics": {
      "accuracy": 0.9427792915531336,
      "f1": 0.8108108108108109,
      "roc_auc": 0.971302003081664
    }
  },
  "canary": {
    "metrics": {
      "accuracy": 0.9264305177111717,
      "f1": 0.7352941176470589,
      "roc_auc": 0.9455068236847899
    }
  }
}