{
  "main": {
    "train": {
      "accuracy": 0.994055784179241,
      "precision": 0.9775280898876404,
      "recall": 0.9858356940509915,
      "f1": 0.9816643159379408,
      "roc_auc": 0.9997667600656162
    },
    "test": {
      "accuracy": 0.9478737997256516,
      "precision": 0.898989898989899,
      "recall": 0.7606837606837606,
      "f1": 0.8240740740740741,
      "roc_auc": 0.963172448466566
    }
  },
  "canary": {
    "train": {
      "accuracy": 0.9707361682670325,
      "precision": 0.9931740614334471,
      "recall": 0.8243626062322946,
      "f1": 0.9009287925696594,
      "roc_auc": 0.9891551153688125
    },
    "test": {
      "accuracy": 0.9176954732510288,
      "precision": 0.8701298701298701,
      "recall": 0.5726495726495726,
      "f1": 0.6907216494845361,
      "roc_auc": 0.9229233003742807
    }
  },
  "meta": {
    "dummy_columns": [
      "businesstravel",
      "department",
      "education",
      "educationfield",
      "environmentsatisfaction",
      "gender",
      "jobinvolvement",
      "joblevel",
      "jobrole",
      "maritalstatus"
    ],
    "numeric_columns": [
      "age",
      "dailyrate",
      "distancefromhome",
      "hourlyrate",
      "disobediencerules",
      "jobsatisfaction",
      "monthlyincome",
      "monthlyrate",
      "numcompaniesworked",
      "overtime",
      "percentsalaryhike",
      "performancerating",
      "relationshipsatisfaction",
      "stockoptionlevel",
      "totalworkingyears",
      "trainingtimeslastyear",
      "worklifebalance",
      "yearsatcompany",
      "yearsincurrentrole",
      "yearssincelastpromotion",
      "yearswithcurrmanager"
    ]
  }
}